,precision,recall,f1-score,support
normal,0.907103825136612,0.991044776119403,0.947218259629101,335
pneumonia,0.978571428571429,1,0.989169675090253,411
tuberculosis,1,0.939577039274924,0.968847352024922,662
accuracy,,,0.969460227272727,1408
macro avg,0.961891751236013,0.976873938464776,0.968411762248092,1408
weighted avg,0.971642498979845,0.969460227272727,0.969633381021549,1408
