label,count,proportion
normal,3500,0.2435121408195923
pneumonia,4245,0.2953454393654769
tuberculosis,6628,0.46114241981493076
