,precision,recall,f1-score,support
normal,0.924791086350975,0.988095238095238,0.955395683453237,336
pneumonia,0.988584474885845,1,0.994259471871412,433
tuberculosis,0.998422712933754,0.95619335347432,0.976851851851852,662
accuracy,,,0.976939203354298,1431
macro avg,0.970599424723524,0.981429530523186,0.9755023357255,1431
weighted avg,0.978157036059849,0.976939203354298,0.977081220745307,1431
