,precision,recall,f1-score,support
normal,0.924791086350975,0.9880952380952381,0.9553956834532374,336.0
pneumonia,0.9885844748858448,1.0,0.9942594718714122,433.0
tuberculosis,0.998422712933754,0.9561933534743202,0.9768518518518519,662.0
accuracy,0.9769392033542977,0.9769392033542977,0.9769392033542977,0.9769392033542977
macro avg,0.9705994247235245,0.9814295305231862,0.9755023357255004,1431.0
weighted avg,0.9781570360598487,0.9769392033542977,0.9770812207453076,1431.0
