,precision,recall,f1-score,support
normal,0.919667590027701,0.988095238095238,0.952654232424677,336
pneumonia,0.990825688073394,0.997690531177829,0.994246260069045,433
tuberculosis,0.998422712933754,0.95619335347432,0.976851851851852,662
accuracy,,,0.976240391334731,1431
macro avg,0.969638663678283,0.980659707582463,0.974584114781858,1431
weighted avg,0.977632193673817,0.976240391334731,0.976433528043686,1431
