,precision,recall,f1-score,support
normal,0.9196675900277008,0.9880952380952381,0.9526542324246772,336.0
pneumonia,0.9908256880733946,0.9976905311778291,0.9942462600690449,433.0
tuberculosis,0.998422712933754,0.9561933534743202,0.9768518518518519,662.0
accuracy,0.976240391334731,0.976240391334731,0.976240391334731,0.976240391334731
macro avg,0.9696386636782831,0.9806597075824626,0.9745841147818579,1431.0
weighted avg,0.9776321936738172,0.976240391334731,0.9764335280436856,1431.0
