,precision,recall,f1-score,support
normal,0.9146005509641874,0.9880952380952381,0.949928469241774,336.0
pneumonia,0.9885844748858448,1.0,0.9942594718714122,433.0
tuberculosis,0.9984126984126984,0.9501510574018127,0.9736842105263158,662.0
accuracy,0.9741439552760307,0.9741439552760307,0.9741439552760307,0.9741439552760307
macro avg,0.9671992414209102,0.9794154318323502,0.9726240505465006,1431.0
weighted avg,0.9757596569523019,0.9741439552760307,0.9743321204430319,1431.0
