,precision,recall,f1-score,support
normal,0.9171270718232044,0.991044776119403,0.9526542324246772,335.0
pneumonia,0.9879807692307693,1.0,0.9939540507859734,411.0
tuberculosis,0.9984126984126984,0.9501510574018127,0.9736842105263158,662.0
accuracy,0.9744318181818182,0.9744318181818182,0.9744318181818182,0.9744318181818182
macro avg,0.967840179822224,0.9803986111737385,0.9734308312456554,1408.0
weighted avg,0.9760276076447628,0.9744318181818182,0.9745974645623032,1408.0
