,precision,recall,f1-score,support
normal,0.917127071823204,0.991044776119403,0.952654232424677,335
pneumonia,0.987980769230769,1,0.993954050785973,411
tuberculosis,0.998412698412698,0.950151057401813,0.973684210526316,662
accuracy,,,0.974431818181818,1408
macro avg,0.967840179822224,0.980398611173738,0.973430831245655,1408
weighted avg,0.976027607644763,0.974431818181818,0.974597464562303,1408
