,precision,recall,f1-score,support
normal,0.905149051490515,0.997014925373134,0.948863636363636,335
pneumonia,0.990361445783133,1,0.995157384987893,411
tuberculosis,1,0.942598187311178,0.97045101088647,662
accuracy,,,0.972301136363636,1408
macro avg,0.965170165757882,0.979871037561438,0.971490677412666,1408
weighted avg,0.974618953456101,0.972301136363636,0.972526685098498,1408
